file_name,labels
12-VIBROMAX-VX-PAIR.mp3,CAR/TRUCK
5-MEGASONIC-MS-PAIR.mp3,CAR/TRUCK/BUS
19-Supersonic-SS-PAIR.mp3,CAR/TRUCK/JEEP
RSA2-Pair.mp3,CAR/TRUCK
14-VIBROSONIC-VS-PAIR.mp3,CAR/TRUCK/JEEP/TRACTOR
20-R125-R125-PAIR.mp3,CAR/TRUCK/JEEP/TRACTOR
Supertone-Pair.mp3,CAR/TWO WHEELER
13-VIBROMINI-VM-PAIR.mp3,CAR/TRACTOR/TWO WHEELER
11-SPIDER-ECO-BLACK-SE-PAIR.mp3,TWO WHEELER/CAR/JEEP
1-CLEARTONE-BLACK-CB-PAIR.mp3,TWO WHEELER/CAR/JEEP
21-R100-R100-PAIR.mp3,CAR
6-R-95-R95-PAIR.mp3,CAR/JEEP/TRACTOR
CLEARTONE-MINI.mp3,TWO WHEELER/CAR
8-ROOTS-90-R90-PAIR.mp3,CAR/JEEP
10-SMARTONE-SM70-PAIR.mp3,TWO WHEELER
R82-Pair.mp3,TWO WHEELER
7-ROOTS-75-R75-PAIR.mp3,TWO WHEELER
22-R70-NEW-R70-NEW-PAIR.mp3,TWO WHEELER
9-S70-S70-PAIR.mp3,TWO WHEELER
18-WINDTONE-90-W90-PAIR.mp3,CAR/JEEP/TRUCK
17-WINDTONE-75-VERTICAL-W75V-PAIR.mp3,CAR/TWO WHEELER/JEEP
W70-Pair.mp3,TWO WHEELER
16-WINDTONE-75-W75-PAIR.mp3,CAR/JEEP
Electronic-Horn.mp3,CAR/JEEP/TRUCK
17-WINDTONE-75-ElectronicMulti-function-horn.mp3,CAR/TWO WHEELER
Electromini.mp3,TWO WHEELER
2-BACKUP-ALARM-TYPE-C.mp3,TRUCK
Backup-alarm-TYPE-BF.mp3,TRUCK
3-BACKUP-ALARM-TYPE-B.mp3,TRUCK
